{"cameraMode":{"drawMode":0,"name":"Shaded","section":"Shading Mode"},"sceneLighting":false,"audioPlay":false,"sceneViewState":{"showFog":true,"showMaterialUpdate":false,"showSkybox":true,"showFlares":true,"showImageEffects":true,"showParticleSystems":true},"in2DMode":false,"pivot":{"x":0.3779999911785126,"y":0.07199999690055847,"z":-2.134999990463257},"rotation":{"x":0.28185173869132998,"y":-0.10193884372711182,"z":0.03013123944401741,"w":0.9535513520240784},"size":4.607996463775635,"orthographic":false}