{"cameraMode":{"drawMode":0,"name":"Shaded","section":"Shading Mode"},"sceneLighting":false,"audioPlay":false,"sceneViewState":{"showFog":true,"showMaterialUpdate":false,"showSkybox":true,"showFlares":true,"showImageEffects":true,"showParticleSystems":true},"in2DMode":false,"pivot":{"x":-30.64345932006836,"y":4.433853626251221,"z":40.303985595703128},"rotation":{"x":-0.2516807019710541,"y":0.10283731669187546,"z":-0.026905793696641923,"w":-0.9619550108909607},"size":4.435980796813965,"orthographic":false}