{"cameraMode":{"drawMode":0,"name":"Shaded","section":"Shading Mode"},"sceneLighting":false,"audioPlay":false,"sceneViewState":{"showFog":true,"showMaterialUpdate":false,"showSkybox":true,"showFlares":true,"showImageEffects":true,"showParticleSystems":true},"in2DMode":false,"pivot":{"x":-2.8468739986419679,"y":-6.175000190734863,"z":-2.8580000400543215},"rotation":{"x":0.09382897615432739,"y":-0.5387648940086365,"z":0.06053946167230606,"w":0.835023045539856},"size":3.245931625366211,"orthographic":false}